{
  "prompt_v1_scores": {
    "faithfulness": 0.9652857142857144,
    "answer_relevancy": 0.9250668856717165,
    "context_recall": 0.88,
    "context_precision": 0.9766666665886666
  },
  "prompt_v2_scores": {
    "faithfulness": 0.8995541125541124,
    "answer_relevancy": 0.9075746714461193,
    "context_recall": 0.84,
    "context_precision": 0.9756944443663195
  },
  "best_faithfulness": 0.9652857142857144,
  "target_met": true
}